rank,name,short_name,calls,total_ns,pct
1,void mmq_gemm_q8_0_repacked<false, 1>(unsigned char const*, block_q8_1 const*, float*, unsigned int, unsigned int, unsigned int, unsigned int, int const*, int const*, int const*, int const*, unsigned int, unsigned long, unsigned int),mmq_gemm_q8_0_repacked,25200,8890574161,76.03
2,gcn_f32_gemm_tn(float const*, float const*, float*, int, int, int, int, int, int),gcn_f32_gemm_tn(float const*, float const*, float*, int, int, int, int, int, int),6048,1330986597,11.38
3,void gated_delta_net_cuda<128, false, false>(float const*, float const*, float const*, float const*, float const*, float const*, float*, long, long, long, long, long, long, long, long, long, long, long, long, HIP_vector_type<unsigned int, 3u>, HIP_vector_type<unsigned int, 3u>, float, int),gated_delta_net_cuda,2688,279652265,2.39
4,void gated_delta_net_chunked_cuda<128, false, 64, 2>(float const*, float const*, float const*, float const*, float const*, float const*, float*, long, long, long, long, long, long, long, long, long, long, long, long, HIP_vector_type<unsigned int, 3u>, HIP_vector_type<unsigned int, 3u>, float, int),gated_delta_net_chunked_cuda,336,204267202,1.75
5,void concat_f32_non_cont<0>(char const*, char const*, char*, long, long, long, long, unsigned long, unsigned long, unsigned long, unsigned long, long, long, long, long, unsigned long, unsigned long, unsigned long, unsigned long, long, long, long, long, unsigned long, unsigned long, unsigned long, unsigned long),concat_f32_non_cont,3024,198516489,1.70
6,void quantize_mmq_q8_1<(mmq_q8_1_ds_layout)0>(float const*, int const*, void*, long, long, long, long, long, int, int),quantize_mmq_q8_1,25200,134782749,1.15
7,void k_bin_bcast<&(op_add(float, float)), float, float, float, float const*>(float const*, float const*, float*, int, int, int, HIP_vector_type<unsigned int, 3u>, HIP_vector_type<unsigned int, 3u>, HIP_vector_type<unsigned int, 3u>, HIP_vector_type<unsigned int, 3u>, HIP_vector_type<unsigned int, 3u>, int, int, int, int, int, int, int, int, int, int, int, float const*),k_bin_bcast,11088,89384909,0.76
8,void flash_attn_tile<256, 256, 8, 4, false>(char const*, char const*, char const*, char const*, char const*, int const*, float*, HIP_vector_type<float, 2u>*, float, float, float, float, unsigned int, float, int, HIP_vector_type<unsigned int, 3u>, int, int, int, int, int, int, int, int, int, int, int, long, int, int, long, int, int, int, int, int, long),flash_attn_tile,1008,67141305,0.57
9,void unary_gated_op_kernel<&(op_silu(float)), float>(float const*, float const*, float*, long, long, long, long),unary_gated_op_kernel,7056,60436820,0.52
10,void k_get_rows_float<float, float>(float const*, int const*, float*, long, long, HIP_vector_type<unsigned int, 3u>, unsigned long, unsigned long, unsigned long, unsigned long, unsigned long, unsigned long, unsigned long, unsigned long, unsigned long),k_get_rows_float,6060,55442434,0.47
11,void rms_norm_f32<1024, true, false>(float const*, float*, int, long, long, long, float, float const*, long, long, long, HIP_vector_type<unsigned int, 3u>, HIP_vector_type<unsigned int, 3u>, HIP_vector_type<unsigned int, 3u>, HIP_vector_type<unsigned int, 3u>, float const*, long, long, long, HIP_vector_type<unsigned int, 3u>, HIP_vector_type<unsigned int, 3u>, HIP_vector_type<unsigned int, 3u>, HIP_vector_type<unsigned int, 3u>),rms_norm_f32,8076,46611533,0.40
12,void rms_norm_f32<256, true, false>(float const*, float*, int, long, long, long, float, float const*, long, long, long, HIP_vector_type<unsigned int, 3u>, HIP_vector_type<unsigned int, 3u>, HIP_vector_type<unsigned int, 3u>, HIP_vector_type<unsigned int, 3u>, float const*, long, long, long, HIP_vector_type<unsigned int, 3u>, HIP_vector_type<unsigned int, 3u>, HIP_vector_type<unsigned int, 3u>, HIP_vector_type<unsigned int, 3u>),rms_norm_f32,5040,42665967,0.36
13,void l2_norm_f32<32>(float const*, float*, int, long, long, long, float),l2_norm_f32,6048,41317844,0.35
14,void cpy_scalar<&(void cpy_1_scalar<float, float>(char const*, char*))>(char const*, char*, long, long, long, long, long, long, long, long, long, long, long, long, long, long, long),cpy_scalar,4032,40632408,0.35
15,void flash_attn_combine_results<256>(float const*, HIP_vector_type<float, 2u> const*, float*, int),flash_attn_combine_results,1008,36895597,0.32
16,void ssm_conv_long_token_f32<true, 128ul, 4ul, 32l>(float const*, float const*, float const*, int, int, int, int, float*, int, int, int, long),ssm_conv_long_token_f32,720,33229663,0.28
17,void ssm_conv_f32<true, 128ul, 4ul>(float const*, float const*, float const*, int, int, int, int, float*, int, int, int, long),ssm_conv_f32,2304,31928257,0.27
18,__amd_rocclr_copyBuffer,__amd_rocclr_copyBuffer,3780,24357869,0.21
19,void rope_multi<true, false, float>(float const*, float*, int, int, int, int, int, int, int, int, int, int, int const*, float, float, float, rope_corr_dims, float, float const*, mrope_sections, bool),rope_multi,2016,14823161,0.13
20,void unary_op_kernel<&(op_softplus(float)), float>(float const*, float*, int),unary_op_kernel,3024,13008458,0.11
21,void unary_op_kernel<&(op_sigmoid(float)), float>(float const*, float*, int),unary_op_kernel,3024,12940938,0.11
22,void k_bin_bcast<&(op_mul(float, float)), float, float, float, float const*>(float const*, float const*, float*, int, int, int, HIP_vector_type<unsigned int, 3u>, HIP_vector_type<unsigned int, 3u>, HIP_vector_type<unsigned int, 3u>, HIP_vector_type<unsigned int, 3u>, HIP_vector_type<unsigned int, 3u>, int, int, int, int, int, int, int, int, int, int, int, float const*),k_bin_bcast,3024,12602521,0.11
23,void mul_mat_vec_q8_0_repacked<1, 1, false>(unsigned char const*, block_q8_1 const*, float*, unsigned int, unsigned int, int const*, int const*, int const*, unsigned int, unsigned long, unsigned int, unsigned int),mul_mat_vec_q8_0_repacked,12,10542856,0.09
24,void k_set_rows<float, long, __half>(float const*, long const*, __half*, long, long, long, long, long, long, long, long, long, long, long, long, long, long, HIP_vector_type<unsigned int, 3u>, HIP_vector_type<unsigned int, 3u>, HIP_vector_type<unsigned int, 3u>, HIP_vector_type<unsigned int, 3u>, HIP_vector_type<unsigned int, 3u>),k_set_rows,2016,9893418,0.08
25,void unary_gated_op_kernel<&(op_sigmoid(float)), float>(float const*, float const*, float*, long, long, long, long),unary_gated_op_kernel,1008,6193108,0.05
26,scale_f32(float const*, float*, float, float, long),scale_f32(float const*, float*, float, float, long),576,3977586,0.03
27,__amd_rocclr_fillBufferAligned,__amd_rocclr_fillBufferAligned,45,888159,0.01
28,void quantize_q8_1<32>(float const*, void*, long, long, long, long, long, unsigned int, HIP_vector_type<unsigned int, 3u>),quantize_q8_1,12,53760,0.00
